date,player_id,server,recharge_amount,online_minutes
2026-09-28,p01,S3,82.51,57
2026-09-29,p24,S1,203.01,228
2026-09-28,p19,S2,9.53,23
2026-09-29,p08,S3,180.61,143
2026-09-29,p23,S3,210.4,107
2026-09-29,p15,S3,,222
2026-09-28,p25,S1,209.44,87
2026-09-30,p05,S1,287.16,86
2026-09-28,p03,S2,29.01,216
2026-09-30,p20,S2,242.14,
2026-10-01,p18,S1,291.93,96
2026-09-28,p18,S2,248.82,158
2026-09-30,p19,S1,211.37,11
2026-09-29,p25,S2,295.57,218
2026-09-29,p28,S1,114.04,116
2026-09-30,p06,S2,106.58,171
2026-09-30,p23,S3,194.41,155
2026-09-29,p18,S3,,118
2026-10-01,p09,S3,206.45,56
2026-09-30,p27,S1,68.71,8
2026-09-30,p13,S2,19.86,
2026-09-30,p07,S3,149.77,226
2026-10-01,p05,S2,41.89,190
2026-09-30,p24,S3,128.53,149
2026-10-01,p12,S1,299.2,35
2026-10-01,p03,S1,258.33,39
2026-09-29,p26,S3,126.65,16
2026-10-01,p13,S3,298.84,135
2026-09-30,p18,S1,204.09,29
2026-09-30,p25,S3,102.05,75
2026-10-01,p06,S2,0.97,184
2026-09-30,p17,S1,152.3,27
2026-09-30,p27,S3,152.3,50
2026-09-29,p12,S1,,199
2026-09-28,p20,S2,146.58,28
2026-09-30,p29,S2,71.84,61
2026-09-28,p03,S3,145.8,17
2026-09-29,p05,S3,142.58,140
2026-09-29,p09,S3,261.73,108
2026-09-29,p30,S3,226.58,176
2026-09-29,p23,S2,119.7,171
2026-09-30,p15,S3,135.45,63
2026-09-29,p03,S2,6.31,141
2026-09-29,p19,S1,2.16,181
2026-09-28,p08,S1,271.63,220
2026-09-30,p03,S3,71.4,171
2026-10-01,p07,S3,39.69,239
2026-10-01,p08,S2,242.25,48
2026-09-28,p04,S3,129.32,108
2026-10-01,p15,S3,16.25,167
2026-09-28,p02,S2,218.46,204
2026-09-28,p08,S1,57.06,114
2026-09-29,p14,S1,83.56,63
2026-09-28,p15,S3,29.37,166
2026-09-28,p03,S1,49.89,124
2026-10-01,p07,S2,270.73,42
2026-10-01,p01,S2,79.56,200
2026-10-01,p10,S2,208.98,187
2026-10-01,p05,S1,89.01,14
2026-09-28,p24,S2,17.15,149
2026-10-01,p17,S3,47.23,130
2026-09-28,p28,S1,20.56,17
2026-09-29,p13,S1,282.48,145
2026-09-29,p19,S3,11.92,20
2026-10-01,p22,S3,169.57,80
2026-09-30,p07,S3,214.86,61
2026-09-30,p13,S1,201.51,76
2026-10-01,p11,S1,2.79,159
2026-09-28,p03,S3,63.95,67
2026-09-29,p30,S2,264.26,225
2026-09-29,p12,S2,47.32,213
2026-09-30,p20,S3,158.68,170
2026-09-30,p30,S3,31.08,224
2026-09-29,p09,S1,266.91,190
2026-09-29,p09,S2,181.45,183
2026-09-30,p07,S3,190.27,67
2026-10-01,p09,S1,27.69,108
2026-09-30,p02,S1,100.07,33
2026-09-30,p06,S3,132.55,180
2026-10-01,p18,S1,33.56,226
2026-09-29,p08,S3,180.61,143
2026-10-01,p18,S1,291.93,96
