time,true_temp,observed
0,25.0,25.397371322408986
1,25.119958338541355,25.00934689760441
2,25.239666833293654,25.75781766377421
3,25.3588762649472,26.57730015007362
4,25.47733866159012,25.290015961811452
5,25.594807918509048,25.407498352949702
6,25.71104041332268,26.974410665728595
7,25.825795614910902,26.43974339823323
8,25.9388366846173,25.56325717586934
9,26.04993106822246,26.483979103091233
10,26.158851077208404,25.788116922958434
11,26.265374457861316,25.89279065500511
12,26.36928494679007,26.562854764042896
13,26.47037281147208,24.93974861574584
14,26.568435374475385,25.18850110846496
15,26.66327752004667,26.21344749665389
16,26.754712181799047,25.944447285531506
17,26.842560810280585,27.093958676356802
18,26.926653819254966,26.200234558837998
19,27.006831009578747,25.876988048510512
20,27.082941969615792,28.255460984753036
21,27.154846451188035,26.974225410798805
22,27.22241472012287,27.27643728387321
23,27.285527880521045,26.145729331550278
24,27.344078171934452,26.908571992314307
25,27.397969238711173,27.486707310479066
26,27.447116370834387,26.526321508896544
27,27.491446715653318,27.792005130329855
28,27.53089945997692,27.050388508041873
29,27.565425982075176,27.332070982240555
30,27.59498997320811,27.113624683424593
31,27.619567528378717,29.10139007598587
32,27.63914720608301,27.62834942629266
33,27.65373005690784,26.80756131374312
34,27.663329620904936,28.321365550587487
35,27.667971893747872,26.691296973771053
36,27.66769526175639,27.834786137760194
37,27.662550405950597,26.094814306846775
38,27.65260017537483,26.590051336256085
39,27.63791943000774,27.79540841870304
40,27.618594853651363,28.209368117647692
41,27.594724737266752,27.73181936221873
42,27.56641873329775,27.473900107387156
43,27.533797581596996,27.292914625125565
44,27.49699280763918,26.314175215345237
45,27.456146393775843,26.880271027060076
46,27.41141042435344,27.04289940758561
47,27.36294670558169,28.208644486556825
48,27.310926361102304,27.58582099275707
49,27.25552940426901,25.845097279978823
50,27.196944288207913,27.456211463723747
51,27.135367434782832,26.82730161044978
52,27.07100274364293,26.529465143398163
53,27.004061082579764,27.493402113652458
54,26.934759760467657,27.759559378464417
55,26.863321984104665,27.608346079397624
56,26.78997630031181,26.1186022817337
57,26.71495602468509,26.467586124004118
58,26.638498658427967,26.903509403550817
59,26.560845294722053,27.34128139641994
60,26.482240016119732,26.098900625843502
61,26.40292928446487,26.254402103133817
62,26.32316132486658,25.438093345661756
63,26.243185505265703,25.28622020600117
64,26.16325171314484,26.8132723710602
65,26.083609730939784,27.16860175379644
66,26.004508611713504,25.946900514449236
67,25.9261960566532,26.72902237496682
68,25.84891779594634,26.138226615984447
69,25.77291697458314,25.25682117089904
70,25.69843354462076,25.98755002902749
71,25.625703665428084,26.85613291860086
72,25.554959113410295,25.526298282122333
73,25.4864267026886,26.738141627339807
74,25.420327718183014,23.324531634911217
75,25.356877362515313,26.014399366015493
76,25.29628421811456,25.365921872705098
77,25.238749725869663,24.99954384549697
78,25.18446768163205,25.257876302860453
79,25.133623751826974,23.54356862014626
80,25.086395009384145,24.910657499114134
81,25.04294949114761,25.328639548357007
82,25.00344577787118,26.18576101366439
83,24.968032597849106,24.55341642323019
84,24.93684845517282,24.29005357285827
85,24.910021283542832,24.508615648675203
86,24.88766812650109,25.61998982066275
87,24.8698948448831,25.132895732610848
88,24.85679585222097,24.432987689207337
89,24.848453878758722,25.259067825249407
90,24.844939764669807,24.92260180414824
91,24.846312282993527,25.62122827541984
92,24.85261799273307,24.29097551763119
93,24.86389112248224,24.601761405204027
94,24.880153484871798,24.56646696236607
95,24.901414422049243,23.730602463543548
96,24.92767078232832,25.164567003979982
97,24.958906928066575,25.167751145810488
98,24.995094774751337,24.999185540065305
99,25.03619386119636,24.848524154496243
100,25.082151450673724,23.949854857033394
101,25.132902662728185,24.796386404515896
102,25.188370635344533,24.914199022123118
103,25.24846671706259,24.606644901685296
104,25.313090688559694,25.184062119226887
105,25.382131013146818,25.705371698598448
106,25.455465115552197,26.96441383652062
107,25.53295968829569,25.67262193856116
108,25.614471024888026,25.820511337466236
109,25.69984537902221,25.640288646409278
110,25.788919348859217,24.253902376619983
111,25.881520285447476,25.860309185088102
112,25.977466724255358,26.02565089220818
113,26.076568838737984,28.04716252872621
114,26.178628914804726,26.024740142979827
115,26.283441845001484,26.524679718868374
116,26.390795641172485,26.36302622540829
117,26.50047196432028,25.565529534224655
118,26.612246670339527,27.526504921951542
119,26.72589037026052,27.327436796409938
